-- ============================================================
-- LabTrack — Seed Data (local dev only)
-- Run after migrations. Uses fixed UUIDs for easy reference.
-- ============================================================

-- Lab
insert into laboratories (id, name, slug) values
  ('00000000-0000-0000-0000-000000000001', 'Lab Alpha', 'lab-alpha');

-- Categories
insert into categories (id, lab_id, name) values
  ('10000000-0000-0000-0000-000000000001', '00000000-0000-0000-0000-000000000001', 'Reagents'),
  ('10000000-0000-0000-0000-000000000002', '00000000-0000-0000-0000-000000000001', 'Solvents'),
  ('10000000-0000-0000-0000-000000000003', '00000000-0000-0000-0000-000000000001', 'Consumables');

-- Storage conditions
insert into storage_conditions (id, lab_id, name, temp_min, temp_max, light_sensitive) values
  ('20000000-0000-0000-0000-000000000001', '00000000-0000-0000-0000-000000000001', 'Room temperature 15–25 °C', 15, 25, false),
  ('20000000-0000-0000-0000-000000000002', '00000000-0000-0000-0000-000000000001', 'Refrigerated 2–8 °C',       2,  8, false),
  ('20000000-0000-0000-0000-000000000003', '00000000-0000-0000-0000-000000000001', 'Frozen -20 °C',           -25,-15, false),
  ('20000000-0000-0000-0000-000000000004', '00000000-0000-0000-0000-000000000001', 'Light-protected',           15, 25, true);

-- Locations
insert into locations (id, lab_id, name, storage_condition_id) values
  ('30000000-0000-0000-0000-000000000001', '00000000-0000-0000-0000-000000000001', 'Shelf A1',  '20000000-0000-0000-0000-000000000001'),
  ('30000000-0000-0000-0000-000000000002', '00000000-0000-0000-0000-000000000001', 'Fridge 1',  '20000000-0000-0000-0000-000000000002'),
  ('30000000-0000-0000-0000-000000000003', '00000000-0000-0000-0000-000000000001', 'Freezer A', '20000000-0000-0000-0000-000000000003');

-- Suppliers
insert into suppliers (id, lab_id, name, contact_email) values
  ('40000000-0000-0000-0000-000000000001', '00000000-0000-0000-0000-000000000001', 'Sigma-Aldrich', 'orders@sigma.example.com'),
  ('40000000-0000-0000-0000-000000000002', '00000000-0000-0000-0000-000000000001', 'Fisher Scientific', 'orders@fisher.example.com');

-- Products
insert into products (id, lab_id, name, barcode, category_id, unit, reorder_point, minimum_stock, estimated_delivery_days, default_location_id, supplier_id) values
  ('50000000-0000-0000-0000-000000000001', '00000000-0000-0000-0000-000000000001',
   'Sodium Chloride NaCl', '7647-14-5', '10000000-0000-0000-0000-000000000001',
   'g', 500, 100, 5, '30000000-0000-0000-0000-000000000001', '40000000-0000-0000-0000-000000000001'),

  ('50000000-0000-0000-0000-000000000002', '00000000-0000-0000-0000-000000000001',
   'Ethanol 96%', '64-17-5', '10000000-0000-0000-0000-000000000002',
   'mL', 1000, 250, 7, '30000000-0000-0000-0000-000000000001', '40000000-0000-0000-0000-000000000001'),

  ('50000000-0000-0000-0000-000000000003', '00000000-0000-0000-0000-000000000001',
   'Phosphate Buffer PBS', null, '10000000-0000-0000-0000-000000000001',
   'mL', 500, 100, 10, '30000000-0000-0000-0000-000000000002', '40000000-0000-0000-0000-000000000002');

-- Lots (includes one expiring soon for testing alerts)
insert into lots (id, product_id, lot_number, quantity, expiration_date, location_id) values
  ('60000000-0000-0000-0000-000000000001', '50000000-0000-0000-0000-000000000001', 'LOT-NaCl-001', 200,  '2026-06-15', '30000000-0000-0000-0000-000000000001'),
  ('60000000-0000-0000-0000-000000000002', '50000000-0000-0000-0000-000000000001', 'LOT-NaCl-002', 500,  '2027-01-20', '30000000-0000-0000-0000-000000000001'),
  ('60000000-0000-0000-0000-000000000003', '50000000-0000-0000-0000-000000000002', 'LOT-EtOH-001', 2000, '2027-08-05', '30000000-0000-0000-0000-000000000001'),
  ('60000000-0000-0000-0000-000000000004', '50000000-0000-0000-0000-000000000003', 'LOT-PBS-001',  300,  '2026-05-01', '30000000-0000-0000-0000-000000000002');

-- Alert config (lab-wide defaults)
insert into alert_config (lab_id, product_id, expiry_alert_days, reorder_notifications, critical_stock_notifications) values
  ('00000000-0000-0000-0000-000000000001', null, '{30,60,90}', true, true);
